city,lat,lng,country,iso2,admin_name,capital,population,population_proper
Bangkok,13.7500,100.5167,Thailand,TH,Krung Thep Maha Nakhon,primary,17066000,5782000
Nonthaburi,13.8667,100.5167,Thailand,TH,Nonthaburi,admin,255671,255671
Pak Kret,13.9125,100.4978,Thailand,TH,Nonthaburi,minor,184501,184501
Hat Yai,7.0167,100.4667,Thailand,TH,Songkhla,minor,159130,159130
Nakhon Ratchasima,14.9736,102.0831,Thailand,TH,Nakhon Ratchasima,admin,134440,134440
Chiang Mai,18.7889,98.9833,Thailand,TH,Chiang Mai,admin,132634,132634
Surat Thani,9.1397,99.3306,Thailand,TH,Surat Thani,admin,130703,130703
Udon Thani,17.4164,102.7500,Thailand,TH,Udon Thani,admin,130274,130274
Khon Kaen,16.4297,102.8297,Thailand,TH,Khon Kaen,admin,115928,115928
Phatthaya,12.9496,100.8930,Thailand,TH,Chon Buri,,115840,115840
Nakhon Si Thammarat,8.4333,99.9667,Thailand,TH,Nakhon Si Thammarat,admin,106322,106322
Nakhon Sawan,15.7133,100.1353,Thailand,TH,Nakhon Sawan,admin,86439,86439
Ban Talat Rangsit,13.9870,100.6095,Thailand,TH,Pathum Thani,,79319,79319
Ubon Ratchathani,15.2281,104.8594,Thailand,TH,Ubon Ratchathani,admin,79023,79023
Nakhon Pathom,13.8194,100.0581,Thailand,TH,Nakhon Pathom,admin,78780,78780
Ban Laem Chabang,13.0860,100.9247,Thailand,TH,Chon Buri,,77798,77798
Phuket,7.8881,98.3975,Thailand,TH,Phuket,admin,77610,77610
Phitsanulok,16.8158,100.2636,Thailand,TH,Phitsanulok,admin,70871,70871
Chiang Rai,19.9094,99.8275,Thailand,TH,Chiang Rai,admin,70610,70610
Ban Nong Prue,12.9227,100.9375,Thailand,TH,Chon Buri,,70594,70594
Ko Samui,9.5157,99.9436,Thailand,TH,Surat Thani,minor,67265,67265
Ban Suan,13.3616,100.9795,Thailand,TH,Chon Buri,,66092,66092
Songkhla,7.2061,100.5967,Thailand,TH,Songkhla,admin,63834,63834
Ban Lam Sam Kaeo,13.9726,100.6506,Thailand,TH,Pathum Thani,,63271,63271
Rayong,12.6742,101.2789,Thailand,TH,Rayong,admin,61902,61902
Saraburi,14.5286,100.9114,Thailand,TH,Sara Buri,admin,61750,61750
Yala,6.5397,101.2811,Thailand,TH,Yala,admin,61250,61250
Ban Map Ta Phut,12.7258,101.1722,Thailand,TH,Rayong,,60928,60928
Trang,7.5561,99.6114,Thailand,TH,Trang,admin,60591,60591
Samut Sakhon,13.5486,100.2775,Thailand,TH,Samut Sakhon,admin,60103,60103
Hua Hin,12.5686,99.9578,Thailand,TH,Prachuap Khiri Khan,minor,59369,59369
Ban Bang Kaeo,13.6371,100.6636,Thailand,TH,Samut Prakan,,56949,56949
Khlong Luang,14.0649,100.6447,Thailand,TH,Pathum Thani,minor,56128,56128
Lampang,18.3000,99.5000,Thailand,TH,Lampang,admin,55044,55044
Prachuap Khiri Khan,11.8067,99.7956,Thailand,TH,Prachuap Khiri Khan,admin,54018,54018
Sakon Nakhon,17.1564,104.1456,Thailand,TH,Sakon Nakhon,admin,53618,53618
Phra Nakhon Si Ayutthaya,14.3550,100.5650,Thailand,TH,Phra Nakhon Si Ayutthaya,admin,52952,52952
Maha Sarakham,16.1772,103.3008,Thailand,TH,Maha Sarakham,admin,52866,52866
Ban Om Noi,13.7001,100.3241,Thailand,TH,Samut Sakhon,,52457,52457
Samut Prakan,13.6004,100.5964,Thailand,TH,Samut Prakan,admin,51309,51309
Bang Bua Thong,13.9099,100.4263,Thailand,TH,Nonthaburi,minor,50141,50141
Nong Khai,17.8842,102.7467,Thailand,TH,Nong Khai,admin,48274,48274
Ban Plai Bua Phatthana,13.9032,100.3989,Thailand,TH,Pathum Thani,,46274,46274
Ban Bang Mae Nang,13.8815,100.3759,Thailand,TH,Nonthaburi,,45974,45974
Ban Saen Suk,13.2882,100.9144,Thailand,TH,Chon Buri,,45142,45142
Pattani,6.8664,101.2508,Thailand,TH,Pattani,admin,44234,44234
Singhanakhon,7.2389,100.5506,Thailand,TH,Songkhla,minor,42423,42423
Si Sa Ket,15.1069,104.3294,Thailand,TH,Sisaket,admin,42405,42405
Bang Kruai,13.8042,100.4755,Thailand,TH,Nonthaburi,minor,42390,42390
Su-ngai Kolok,6.0297,101.9668,Thailand,TH,Narathiwat,minor,41590,41590
Muban Phimon Rat,13.9189,100.3922,Thailand,TH,Nonthaburi,,41498,41498
Narathiwat,6.4264,101.8231,Thailand,TH,Narathiwat,admin,41342,41342
Surin,14.8833,103.4931,Thailand,TH,Surin,admin,39728,39728
Chachoengsao,13.6903,101.0703,Thailand,TH,Chachoengsao,admin,39570,39570
Ban Bang Khu Lat,13.9134,100.3690,Thailand,TH,Nonthaburi,,38758,38758
Chaiyaphum,15.8056,102.0311,Thailand,TH,Chaiyaphum,admin,36923,36923
Ratchaburi,13.5367,99.8169,Thailand,TH,Ratchaburi,admin,36339,36339
Pak Chong,14.6796,101.3976,Thailand,TH,Nakhon Ratchasima,minor,35736,35736
Cha-am,12.7997,99.9669,Thailand,TH,Phetchaburi,minor,35581,35581
Roi Et,16.0578,103.6514,Thailand,TH,Roi Et,admin,35219,35219
Phatthalung,7.6178,100.0778,Thailand,TH,Phatthalung,admin,35039,35039
Kalasin,16.4333,103.5000,Thailand,TH,Kalasin,admin,34437,34437
Phra Phutthabat,14.7212,100.8047,Thailand,TH,Sara Buri,minor,34322,34322
Uttaradit,17.6256,100.0942,Thailand,TH,Uttaradit,admin,33930,33930
Chumphon,10.4939,99.1800,Thailand,TH,Chumphon,admin,33516,33516
Ban Pak Phun,8.5391,99.9702,Thailand,TH,Nakhon Si Thammarat,,33407,33407
Mukdahan,16.5431,104.7228,Thailand,TH,Mukdahan,admin,33102,33102
Ban Ang Sila,13.3364,100.9278,Thailand,TH,Chon Buri,,33053,33053
Chum Phae,16.5431,102.1104,Thailand,TH,Khon Kaen,minor,31597,31597
Mae Sot,16.7101,98.5707,Thailand,TH,Tak,minor,31530,31530
Ban Sai Ma Tai,13.8444,100.4829,Thailand,TH,Nonthaburi,,30750,30750
Thung Song,8.1645,99.6804,Thailand,TH,Nakhon Si Thammarat,minor,30500,30500
Krabi,8.0592,98.9189,Thailand,TH,Krabi,admin,30499,30499
Chon Buri,13.3611,100.9850,Thailand,TH,Chon Buri,admin,29961,29961
Ban Aranyik,16.8146,100.3051,Thailand,TH,Phitsanulok,,29825,29825
Kanchanaburi,14.0194,99.5311,Thailand,TH,Kanchanaburi,admin,29581,29581
Kamphaeng Phet,16.4811,99.5222,Thailand,TH,Kamphaeng Phet,admin,29178,29178
Ban Phai,16.0730,102.7362,Thailand,TH,Khon Kaen,minor,28913,28913
Buri Ram,14.9942,103.1022,Thailand,TH,Buriram,admin,28613,28613
Samut Songkhram,13.4097,100.0017,Thailand,TH,Samut Songkhram,admin,28493,28493
Warin Chamrap,15.2008,104.8612,Thailand,TH,Ubon Ratchathani,minor,28154,28154
Ban Chang,12.7209,101.0669,Thailand,TH,Rayong,minor,27668,27668
Ban Nong Sam Rong,17.4514,102.7650,Thailand,TH,Udon Thani,,27354,27354
Betong,5.7731,101.0725,Thailand,TH,Yala,minor,26640,26640
Nakhon Phanom,17.4069,104.7808,Thailand,TH,Nakhon Phanom,admin,26437,26437
Suphan Buri,14.4675,100.1169,Thailand,TH,Suphan Buri,admin,26164,26164
Kathu,7.9112,98.3475,Thailand,TH,Phuket,minor,26078,26078
Amnat Charoen,15.8500,104.6333,Thailand,TH,Amnat Charoen,admin,25858,25858
Takhli,15.2667,100.3500,Thailand,TH,Nakhon Sawan,minor,24563,24563
Ban Krathum Lom,13.7482,100.3139,Thailand,TH,Samut Sakhon,,24237,24237
Lop Buri,14.8000,100.6269,Thailand,TH,Lop Buri,admin,24166,24166
Chanthaburi,12.6086,102.1039,Thailand,TH,Chanthaburi,admin,23835,23835
Satun,6.6147,100.0681,Thailand,TH,Satun,admin,23612,23612
Ban Phru,6.9480,100.4794,Thailand,TH,Songkhla,,23518,23518
Sattahip,12.6636,100.9036,Thailand,TH,Chon Buri,minor,23418,23418
Si Racha,13.1744,100.9306,Thailand,TH,Chon Buri,minor,23400,23400
Phetchaburi,13.1119,99.9458,Thailand,TH,Phetchaburi,admin,23235,23235
Ban Mae Cho,18.9032,99.0041,Thailand,TH,Chiang Mai,,23140,23140
Ban Bang Krang,13.8442,100.4612,Thailand,TH,Nonthaburi,,23010,23010
Wichian Buri,15.6565,101.1072,Thailand,TH,Phetchabun,minor,22995,22995
Loei,17.4903,101.7250,Thailand,TH,Loei,admin,22339,22339
Phichit,16.4431,100.3467,Thailand,TH,Phichit,admin,22299,22299
Ban Khlong Ton Madua,13.6372,100.2967,Thailand,TH,Samut Sakhon,,22265,22265
Ban Piang Luang,19.6493,98.6352,Thailand,TH,Chiang Mai,,22215,22215
Phetchabun,16.4169,101.1533,Thailand,TH,Phetchabun,admin,22121,22121
Krathum Baen,13.6519,100.2572,Thailand,TH,Samut Sakhon,minor,21904,21904
Nong Bua Lamphu,17.2042,102.4444,Thailand,TH,Nong Bua Lamphu,admin,21528,21528
Nang Rong,14.6363,102.7746,Thailand,TH,Buriram,minor,21493,21493
Wang Nam Yen,13.5004,102.1806,Thailand,TH,Sa Kaeo,minor,21301,21301
Sadao,6.6386,100.4240,Thailand,TH,Songkhla,minor,21086,21086
Mae Sai,20.4266,99.8841,Thailand,TH,Chiang Rai,minor,20699,20699
Nan,18.7833,100.7833,Thailand,TH,Nan,admin,20595,20595
Pak Phanang,8.3511,100.2019,Thailand,TH,Nakhon Si Thammarat,minor,20425,20425
Yasothon,15.7883,104.1506,Thailand,TH,Yasothon,admin,20414,20414
Ban Na San,8.7997,99.3635,Thailand,TH,Surat Thani,minor,19801,19801
Kantharalak,14.6536,104.6278,Thailand,TH,Sisaket,minor,19392,19392
Ban Bueng,13.3140,101.1114,Thailand,TH,Chon Buri,minor,19346,19346
Tak Bai,6.2592,102.0530,Thailand,TH,Narathiwat,minor,18943,18943
Tha Bo,17.8494,102.5858,Thailand,TH,Nong Khai,minor,18320,18320
Sikhio,14.9000,101.7167,Thailand,TH,Nakhon Ratchasima,minor,18209,18209
Sa Kaeo,13.8206,102.0589,Thailand,TH,Sa Kaeo,admin,17864,17864
Sing Buri,14.8911,100.4031,Thailand,TH,Sing Buri,admin,17843,17843
Prachin Buri,14.0567,101.3739,Thailand,TH,Prachin Buri,admin,17768,17768
Sam Phran,13.7270,100.2153,Thailand,TH,Nakhon Pathom,minor,17611,17611
Tak,16.8711,99.1250,Thailand,TH,Tak,admin,17565,17565
Phayao,19.1653,99.9036,Thailand,TH,Phayao,admin,17467,17467
Ban Pong,13.8174,99.8830,Thailand,TH,Ratchaburi,minor,17298,17298
Sawankhalok,17.3096,99.8266,Thailand,TH,Sukhothai,minor,17148,17148
Phrae,18.1436,100.1417,Thailand,TH,Phrae,admin,16668,16668
Aranyaprathet,13.6928,102.5017,Thailand,TH,Sa Kaeo,minor,16211,16211
Nakhon Nayok,14.2031,101.2150,Thailand,TH,Nakhon Nayok,admin,16195,16195
Ranong,9.9619,98.6389,Thailand,TH,Ranong,admin,16125,16125
Ban Dung,17.6986,103.2613,Thailand,TH,Udon Thani,minor,15913,15913
Si Satchanalai,17.4155,99.8152,Thailand,TH,Sukhothai,minor,15691,15691
Sukhothai,17.0142,99.8219,Thailand,TH,Sukhothai,admin,15618,15618
Uthai Thani,15.3800,100.0250,Thailand,TH,Uthai Thani,admin,15434,15434
Thoen,17.6118,99.2160,Thailand,TH,Lampang,minor,15360,15360
Taphan Hin,16.2108,100.4188,Thailand,TH,Phichit,minor,15329,15329
Bang Racham,14.8864,100.3235,Thailand,TH,Sing Buri,minor,14577,14577
Pak Thong Chai,14.7302,102.0263,Thailand,TH,Nakhon Ratchasima,minor,14272,14272
Det Udom,14.9060,105.0784,Thailand,TH,Ubon Ratchathani,minor,14264,14264
Bua Yai,15.5858,102.4337,Thailand,TH,Nakhon Ratchasima,minor,14168,14168
Sai Buri,6.7012,101.6181,Thailand,TH,Pattani,minor,14137,14137
Pathum Thani,13.9841,100.5512,Thailand,TH,Pathum Thani,admin,13987,13987
Dok Kham Tai,19.1612,99.9946,Thailand,TH,Phayao,minor,13450,13450
Ang Thong,14.5925,100.4572,Thailand,TH,Ang Thong,admin,13277,13277
Song Phi Nong,14.2306,100.0389,Thailand,TH,Suphan Buri,minor,12926,12926
Kaeng Khoi,14.5864,100.9967,Thailand,TH,Sara Buri,minor,12752,12752
Lamphun,18.5803,99.0072,Thailand,TH,Lamphun,admin,12595,12595
Chai Nat,15.1872,100.1283,Thailand,TH,Chai Nat,admin,12541,12541
Kantang,7.4067,99.5150,Thailand,TH,Trang,minor,12533,12533
Lom Sak,16.7775,101.2468,Thailand,TH,Phetchabun,minor,12290,12290
Wang Saphung,17.2995,101.7624,Thailand,TH,Loei,minor,11992,11992
Tha Maka,13.9499,99.7530,Thailand,TH,Kanchanaburi,minor,11966,11966
Don Sak,9.3169,99.6944,Thailand,TH,Surat Thani,minor,11934,11934
Kuchinarai,16.5318,104.0440,Thailand,TH,Kalasin,minor,11753,11753
Phon,15.8160,102.5998,Thailand,TH,Khon Kaen,minor,11593,11593
Lang Suan,9.9519,99.0813,Thailand,TH,Chumphon,minor,11250,11250
Khlung,12.4547,102.2214,Thailand,TH,Chanthaburi,minor,11073,11073
Phanat Nikhom,13.4458,101.1844,Thailand,TH,Chon Buri,minor,11032,11032
Phibun Mangsahan,15.2482,105.2296,Thailand,TH,Ubon Ratchathani,minor,10842,10842
Kranuan,16.7081,103.0811,Thailand,TH,Khon Kaen,minor,10726,10726
Trat,12.2417,102.5125,Thailand,TH,Trat,admin,10413,10413
Phangnga,8.4644,98.5317,Thailand,TH,Phangnga,admin,10412,10412
Phra Pradaeng,13.6590,100.5329,Thailand,TH,Samut Prakan,minor,10190,10190
Tha Mai,12.6196,102.0112,Thailand,TH,Chanthaburi,minor,9843,9843
Photharam,13.6918,99.8531,Thailand,TH,Ratchaburi,minor,9575,9575
Takua Pa,8.8658,98.3413,Thailand,TH,Phangnga,minor,8815,8815
Bang Mun Nak,16.0278,100.3792,Thailand,TH,Phichit,minor,8756,8756
Chumsaeng,15.8980,100.3110,Thailand,TH,Nakhon Sawan,minor,8426,8426
Mae Hong Son,19.3011,97.9700,Thailand,TH,Mae Hong Son,admin,6526,6526
Khlong Yai,11.7763,102.8858,Thailand,TH,Trat,minor,4913,4913
Bueng Kan,18.3669,103.6552,Thailand,TH,Bueng Kan,admin,4494,4494
Sena,14.3273,100.4049,Thailand,TH,Phra Nakhon Si Ayutthaya,minor,4060,4060
Ban Mi,15.0461,100.5358,Thailand,TH,Lop Buri,minor,3503,3503
Bangkok Yai,13.7232,100.4760,Thailand,TH,Krung Thep Maha Nakhon,minor,,
Thon Buri,13.7250,100.4851,Thailand,TH,Krung Thep Maha Nakhon,minor,,
Sathon,13.7085,100.5262,Thailand,TH,Krung Thep Maha Nakhon,minor,,
Din Daeng,13.7699,100.5530,Thailand,TH,Krung Thep Maha Nakhon,minor,,
Bang Phlat,13.7942,100.5045,Thailand,TH,Krung Thep Maha Nakhon,minor,,
Pom Prap Sattru Phai,13.7582,100.5132,Thailand,TH,Krung Thep Maha Nakhon,minor,,
Bang Kho Laem,13.6935,100.5022,Thailand,TH,Krung Thep Maha Nakhon,minor,,
Ratchathewi,13.7590,100.5336,Thailand,TH,Krung Thep Maha Nakhon,minor,,
Samphanthawong,13.7315,100.5141,Thailand,TH,Krung Thep Maha Nakhon,minor,,
Khlong San,13.7309,100.5090,Thailand,TH,Krung Thep Maha Nakhon,minor,,
Phaya Thai,13.7800,100.5427,Thailand,TH,Krung Thep Maha Nakhon,minor,,
Yan Nawa,13.6963,100.5421,Thailand,TH,Krung Thep Maha Nakhon,minor,,
Watthana,13.7298,100.5854,Thailand,TH,Krung Thep Maha Nakhon,minor,,
Bangkok Noi,13.7627,100.4780,Thailand,TH,Krung Thep Maha Nakhon,minor,,
Khlong Toei,13.7167,100.5716,Thailand,TH,Krung Thep Maha Nakhon,minor,,
Wang Thonglang,13.7855,100.6116,Thailand,TH,Krung Thep Maha Nakhon,minor,,
Bang Rak,13.7306,100.5239,Thailand,TH,Krung Thep Maha Nakhon,minor,,
Bang Kapi,13.7653,100.6470,Thailand,TH,Krung Thep Maha Nakhon,minor,,
Bang Sue,13.8100,100.5371,Thailand,TH,Krung Thep Maha Nakhon,minor,,
Phra Nakhon,13.7651,100.4986,Thailand,TH,Krung Thep Maha Nakhon,minor,,
Pathum Wan,13.7365,100.5239,Thailand,TH,Krung Thep Maha Nakhon,minor,,
Phra Khanong,13.7019,100.6016,Thailand,TH,Krung Thep Maha Nakhon,minor,,
Huai Khwang,13.7768,100.5790,Thailand,TH,Krung Thep Maha Nakhon,minor,,
Chatuchak,13.8289,100.5599,Thailand,TH,Krung Thep Maha Nakhon,minor,,
Dusit,13.7775,100.5198,Thailand,TH,Krung Thep Maha Nakhon,minor,,
Phasi Charoen,13.7147,100.4369,Thailand,TH,Krung Thep Maha Nakhon,minor,,
Rat Burana,13.6822,100.5060,Thailand,TH,Krung Thep Maha Nakhon,minor,,
Chom Thong,13.6772,100.4841,Thailand,TH,Krung Thep Maha Nakhon,minor,,
Lak Si,13.8872,100.5792,Thailand,TH,Krung Thep Maha Nakhon,minor,,
Lat Phrao,13.8035,100.6075,Thailand,TH,Krung Thep Maha Nakhon,minor,,
Bang Na,13.6674,100.6421,Thailand,TH,Krung Thep Maha Nakhon,minor,,
Taling Chan,13.7770,100.4567,Thailand,TH,Krung Thep Maha Nakhon,minor,,
Don Mueang,13.9139,100.5899,Thailand,TH,Krung Thep Maha Nakhon,minor,,
Bang Khen,13.8738,100.5968,Thailand,TH,Krung Thep Maha Nakhon,minor,,
Bang Khae,13.6920,100.4069,Thailand,TH,Krung Thep Maha Nakhon,minor,,
Nong Khaem,13.7053,100.3492,Thailand,TH,Krung Thep Maha Nakhon,minor,,
Bueng Kum,13.7853,100.6696,Thailand,TH,Krung Thep Maha Nakhon,minor,,
Sai Mai,13.9207,100.6455,Thailand,TH,Krung Thep Maha Nakhon,minor,,
Thung Khru,13.6287,100.5096,Thailand,TH,Krung Thep Maha Nakhon,minor,,
Khan Na Yao,13.8261,100.6793,Thailand,TH,Krung Thep Maha Nakhon,minor,,
Saphan Sung,13.7702,100.6853,Thailand,TH,Krung Thep Maha Nakhon,minor,,
Suan Luang,13.7303,100.6514,Thailand,TH,Krung Thep Maha Nakhon,minor,,
Bang Bon,13.6619,100.3957,Thailand,TH,Krung Thep Maha Nakhon,minor,,
Prawet,13.7174,100.6945,Thailand,TH,Krung Thep Maha Nakhon,minor,,
Min Buri,13.8141,100.7314,Thailand,TH,Krung Thep Maha Nakhon,minor,,
Khlong Sam Wa,13.8362,100.7352,Thailand,TH,Krung Thep Maha Nakhon,minor,,
Bang Khun Thian,13.6630,100.4342,Thailand,TH,Krung Thep Maha Nakhon,minor,,
Thanyaburi,14.0211,100.7343,Thailand,TH,Pathum Thani,minor,,
Lat Krabang,13.7234,100.7844,Thailand,TH,Krung Thep Maha Nakhon,minor,,
Thawi Watthana,13.7885,100.3333,Thailand,TH,Krung Thep Maha Nakhon,minor,,
Phra Samut Chedi,13.6022,100.5721,Thailand,TH,Samut Prakan,minor,,
Bang Yai,13.8764,100.4039,Thailand,TH,Nonthaburi,minor,,
Bang Phli,13.6063,100.7058,Thailand,TH,Samut Prakan,minor,,
Bang Sao Thong,13.5950,100.8304,Thailand,TH,Samut Prakan,minor,,
Lam Luk Ka,13.9323,100.7494,Thailand,TH,Pathum Thani,minor,,
Sam Khok,14.0655,100.5226,Thailand,TH,Pathum Thani,minor,,
Ko Si Chang,13.1639,100.8055,Thailand,TH,Chon Buri,minor,,
Ban Phaeo,13.5907,100.1075,Thailand,TH,Samut Sakhon,minor,,
Bang Bo,13.5743,100.8353,Thailand,TH,Samut Prakan,minor,,
Saraphi,18.7142,99.0353,Thailand,TH,Chiang Mai,minor,,
Nong Chok,13.8559,100.8622,Thailand,TH,Krung Thep Maha Nakhon,minor,,
Thalang,8.0317,98.3341,Thailand,TH,Phuket,minor,,
Lat Lum Kaeo,14.0373,100.4049,Thailand,TH,Pathum Thani,minor,,
Bang Lamung,12.9763,100.9141,Thailand,TH,Chon Buri,minor,,
San Pa Tong,18.6283,98.8957,Thailand,TH,Chiang Mai,minor,,
Bang Khon Thi,13.4691,99.9402,Thailand,TH,Samut Songkhram,minor,,
Sathing Phra,7.4730,100.4391,Thailand,TH,Songkhla,minor,,
Nakhon Chai Si,13.8013,100.1845,Thailand,TH,Nakhon Pathom,minor,,
Phan Thong,13.4680,101.0953,Thailand,TH,Chon Buri,minor,,
Damnoen Saduak,13.5182,99.9547,Thailand,TH,Ratchaburi,minor,,
Tha Ruea,14.5674,100.7260,Thailand,TH,Phra Nakhon Si Ayutthaya,minor,,
Nong Khae,14.3406,100.8673,Thailand,TH,Sara Buri,minor,,
Sai Noi,13.9791,100.3121,Thailand,TH,Nonthaburi,minor,,
Wiang Nong Long,18.4204,98.7497,Thailand,TH,Lamphun,minor,,
Nong Saeng,14.4921,100.7843,Thailand,TH,Sara Buri,minor,,
Ban Mo,14.6154,100.7273,Thailand,TH,Sara Buri,minor,,
Bang Pakong,13.5430,100.9933,Thailand,TH,Chachoengsao,minor,,
San Kamphaeng,18.7449,99.1195,Thailand,TH,Chiang Mai,minor,,
Don Tum,13.9609,100.0789,Thailand,TH,Nakhon Pathom,minor,,
Nong Suea,14.1348,100.8250,Thailand,TH,Pathum Thani,minor,,
Amphawa,13.4244,99.9569,Thailand,TH,Samut Songkhram,minor,,
Ban Laem,13.2047,99.9796,Thailand,TH,Phetchaburi,minor,,
Yarang,6.7599,101.2934,Thailand,TH,Pattani,minor,,
Salaya,13.8020,100.3211,Thailand,TH,Nakhon Pathom,minor,,
Bang Pa-in,14.2278,100.5759,Thailand,TH,Phra Nakhon Si Ayutthaya,minor,,
Yaring,6.8662,101.3689,Thailand,TH,Pattani,minor,,
Chulabhorn,8.0760,99.8695,Thailand,TH,Nakhon Si Thammarat,minor,,
Klaeng,12.7797,101.6483,Thailand,TH,Rayong,minor,,
Kamphaeng Saen,13.9997,99.9898,Thailand,TH,Nakhon Pathom,minor,,
Bang Pahan,14.4622,100.5448,Thailand,TH,Phra Nakhon Si Ayutthaya,minor,,
Bang Sai,14.3343,100.3038,Thailand,TH,Phra Nakhon Si Ayutthaya,minor,,
San Sai,18.8479,99.0451,Thailand,TH,Chiang Mai,minor,,
Pa Mok,14.4899,100.4485,Thailand,TH,Ang Thong,minor,,
Srinagarindra,7.5699,99.9435,Thailand,TH,Phatthalung,minor,,
Nong Chik,6.8436,101.1780,Thailand,TH,Pattani,minor,,
Mae On,18.7768,99.2486,Thailand,TH,Chiang Mai,minor,,
Sao Hai,14.5508,100.8444,Thailand,TH,Sara Buri,minor,,
Wat Phleng,13.4541,99.8864,Thailand,TH,Ratchaburi,minor,,
Hang Dong,18.6870,98.9194,Thailand,TH,Chiang Mai,minor,,
Chaiyo,14.6488,100.4788,Thailand,TH,Ang Thong,minor,,
Panare,6.8619,101.4910,Thailand,TH,Pattani,minor,,
Phachi,14.4491,100.7283,Thailand,TH,Phra Nakhon Si Ayutthaya,minor,,
Phak Hai,14.4626,100.3667,Thailand,TH,Phra Nakhon Si Ayutthaya,minor,,
Bang Ban,14.3739,100.4853,Thailand,TH,Phra Nakhon Si Ayutthaya,minor,,
Tha Chang,14.7614,100.3899,Thailand,TH,Sing Buri,minor,,
Ban Pho,13.5986,101.0796,Thailand,TH,Chachoengsao,minor,,
Nakhon Luang,14.4628,100.6083,Thailand,TH,Phra Nakhon Si Ayutthaya,minor,,
Phrom Buri,14.7909,100.4532,Thailand,TH,Sing Buri,minor,,
Wang Noi,14.2269,100.7155,Thailand,TH,Phra Nakhon Si Ayutthaya,minor,,
Mayo,6.7186,101.4098,Thailand,TH,Pattani,minor,,
Wiset Chaichan,14.5945,100.3383,Thailand,TH,Ang Thong,minor,,
Phra Phrom,8.3391,99.9009,Thailand,TH,Nakhon Si Thammarat,minor,,
Ban Thi,18.6319,99.1166,Thailand,TH,Lamphun,minor,,
Bang Klam,7.0895,100.4107,Thailand,TH,Songkhla,minor,,
Ranot,7.7777,100.3213,Thailand,TH,Songkhla,minor,,
Si Prachan,14.6199,100.1448,Thailand,TH,Suphan Buri,minor,,
Uthai,14.3628,100.6720,Thailand,TH,Phra Nakhon Si Ayutthaya,minor,,
Bacho,6.5168,101.6510,Thailand,TH,Narathiwat,minor,,
Nikhom Phattana,12.8274,101.2027,Thailand,TH,Rayong,minor,,
Na Yai Am,12.7815,101.8226,Thailand,TH,Chanthaburi,minor,,
Ko Chan,13.4166,101.3346,Thailand,TH,Chon Buri,minor,,
Maha Rat,14.5337,100.5267,Thailand,TH,Phra Nakhon Si Ayutthaya,minor,,
Krasae Sin,7.6155,100.3284,Thailand,TH,Songkhla,minor,,
Chaloem Phra Kiat,14.6115,100.9082,Thailand,TH,Sara Buri,minor,,
Bang Phae,13.6916,99.9298,Thailand,TH,Ratchaburi,minor,,
Pho Thong,14.6673,100.4088,Thailand,TH,Ang Thong,minor,,
Ban Phraek,14.6468,100.5762,Thailand,TH,Phra Nakhon Si Ayutthaya,minor,,
Bang Khla,13.7214,101.2081,Thailand,TH,Chachoengsao,minor,,
Tha Sala,8.6673,99.9308,Thailand,TH,Nakhon Si Thammarat,minor,,
Tha Wung,14.8110,100.5033,Thailand,TH,Lop Buri,minor,,
Yi-ngo,6.4030,101.7063,Thailand,TH,Narathiwat,minor,,
Khuan Niang,7.1914,100.3536,Thailand,TH,Songkhla,minor,,
Sung Men,18.0494,100.1146,Thailand,TH,Phrae,minor,,
Khok Pho,6.7306,101.0962,Thailand,TH,Pattani,minor,,
Wan Yai,16.7223,104.7414,Thailand,TH,Mukdahan,minor,,
Si Chiang Mai,17.9564,102.5867,Thailand,TH,Nong Khai,minor,,
Pa Sang,18.5262,98.9394,Thailand,TH,Lamphun,minor,,
Lat Bua Luang,14.1657,100.3079,Thailand,TH,Phra Nakhon Si Ayutthaya,minor,,
Wihan Daeng,14.3459,100.9894,Thailand,TH,Sara Buri,minor,,
That Phanom,16.9364,104.7104,Thailand,TH,Nakhon Phanom,minor,,
Changhan,16.1387,103.6039,Thailand,TH,Roi Et,minor,,
Bang Len,14.0219,100.1718,Thailand,TH,Nakhon Pathom,minor,,
Chaloem Phra Kiat,8.1769,100.0358,Thailand,TH,Nakhon Si Thammarat,minor,,
Laem Sing,12.4816,102.0738,Thailand,TH,Chanthaburi,minor,,
Sawaeng Ha,14.7464,100.3294,Thailand,TH,Ang Thong,minor,,
Ra-ngae,6.2968,101.7284,Thailand,TH,Narathiwat,minor,,
Tha Muang,13.9612,99.6412,Thailand,TH,Kanchanaburi,minor,,
Mae Rim,18.9106,98.9480,Thailand,TH,Chiang Mai,minor,,
Ron Phibun,8.1791,99.8542,Thailand,TH,Nakhon Si Thammarat,minor,,
Phu Wiang,16.6526,102.3755,Thailand,TH,Khon Kaen,minor,,
Bang Nam Priao,13.8474,101.0531,Thailand,TH,Chachoengsao,minor,,
Si Mahosot,13.8878,101.4050,Thailand,TH,Prachin Buri,minor,,
Ban Na,14.2624,101.0711,Thailand,TH,Nakhon Nayok,minor,,
U Thong,14.3751,99.8923,Thailand,TH,Suphan Buri,minor,,
Chana,6.9154,100.7404,Thailand,TH,Songkhla,minor,,
Wiang Sa,8.6358,99.3666,Thailand,TH,Surat Thani,minor,,
Cho-airong,6.2255,101.8113,Thailand,TH,Narathiwat,minor,,
Khai Bang Rachan,14.7998,100.3102,Thailand,TH,Sing Buri,minor,,
Khuan Khanun,7.7347,100.0093,Thailand,TH,Phatthalung,minor,,
Mae Lan,6.6611,101.2396,Thailand,TH,Pattani,minor,,
Non Sung,15.1801,102.2569,Thailand,TH,Nakhon Ratchasima,minor,,
Mai Kaen,6.6098,101.6669,Thailand,TH,Pattani,minor,,
Sam Chuk,14.7576,100.0899,Thailand,TH,Suphan Buri,minor,,
Sapphaya,15.1462,100.2421,Thailand,TH,Chai Nat,minor,,
Phanom Sarakham,13.7479,101.3553,Thailand,TH,Chachoengsao,minor,,
Na Yong,7.5617,99.6948,Thailand,TH,Trang,minor,,
Sam Ko,14.6074,100.2186,Thailand,TH,Ang Thong,minor,,
Nong Ruea,16.4933,102.4334,Thailand,TH,Khon Kaen,minor,,
Mae Chan,20.1468,99.8526,Thailand,TH,Chiang Rai,minor,,
Uthumphon Phisai,15.1116,104.1401,Thailand,TH,Sisaket,minor,,
La-ngu,6.8849,99.7884,Thailand,TH,Satun,minor,,
Bang Krathum,16.5783,100.3003,Thailand,TH,Phitsanulok,minor,,
Bang Pla Ma,14.3960,100.1587,Thailand,TH,Suphan Buri,minor,,
Bang Kaeo,7.4295,100.1780,Thailand,TH,Phatthalung,minor,,
Na Mom,6.9586,100.5568,Thailand,TH,Songkhla,minor,,
Ban Lat,13.0515,99.9170,Thailand,TH,Phetchaburi,minor,,
In Buri,15.0079,100.3269,Thailand,TH,Sing Buri,minor,,
Chiang Khwan,16.1633,103.7536,Thailand,TH,Roi Et,minor,,
Sankhaburi,15.0473,100.1618,Thailand,TH,Chai Nat,minor,,
Huai Rat,14.9604,103.1891,Thailand,TH,Buriram,minor,,
Phang Khon,17.3905,103.7169,Thailand,TH,Sakon Nakhon,minor,,
Kamalasai,16.3384,103.5756,Thailand,TH,Kalasin,minor,,
Kapho,6.5597,101.5343,Thailand,TH,Pattani,minor,,
Na Tan,15.8975,105.2932,Thailand,TH,Ubon Ratchathani,minor,,
Si Somdet,15.9980,103.4879,Thailand,TH,Roi Et,minor,,
Manorom,15.3100,100.0828,Thailand,TH,Chai Nat,minor,,
Phayu,14.9085,104.3910,Thailand,TH,Sisaket,minor,,
Chuen Chom,16.5549,103.1766,Thailand,TH,Maha Sarakham,minor,,
Sanom,15.2036,103.7605,Thailand,TH,Surin,minor,,
Thawat Buri,16.0385,103.7465,Thailand,TH,Roi Et,minor,,
Si Maha Phot,13.9660,101.5130,Thailand,TH,Prachin Buri,minor,,
Raman,6.4786,101.4241,Thailand,TH,Yala,minor,,
Nong Don,14.6849,100.7094,Thailand,TH,Sara Buri,minor,,
Doembang Nangbuat,14.8333,100.1000,Thailand,TH,Suphan Buri,minor,,
Chonnabot,16.0886,102.6218,Thailand,TH,Khon Kaen,minor,,
Chiang Yuen,16.4104,103.0977,Thailand,TH,Maha Sarakham,minor,,
Waeng,5.9280,101.8838,Thailand,TH,Narathiwat,minor,,
Hua Sai,8.0441,100.3059,Thailand,TH,Nakhon Si Thammarat,minor,,
Khlong Khuean,13.7913,101.1635,Thailand,TH,Chachoengsao,minor,,
Doi Lo,18.4610,98.7777,Thailand,TH,Chiang Mai,minor,,
Kumphawapi,17.1088,103.0149,Thailand,TH,Udon Thani,minor,,
Si Rattana,14.7933,104.4692,Thailand,TH,Sisaket,minor,,
Pak Phayun,7.3422,100.3175,Thailand,TH,Phatthalung,minor,,
Si Nakhon,17.3491,99.9856,Thailand,TH,Sukhothai,minor,,
Non Daeng,15.4106,102.5403,Thailand,TH,Nakhon Ratchasima,minor,,
Phra Yuen,16.3293,102.6518,Thailand,TH,Khon Kaen,minor,,
Yang Talat,16.3998,103.3678,Thailand,TH,Kalasin,minor,,
Waeng Noi,15.8035,102.4161,Thailand,TH,Khon Kaen,minor,,
Kantharawichai,16.3272,103.2986,Thailand,TH,Maha Sarakham,minor,,
Nong Song Hong,15.7336,102.7957,Thailand,TH,Khon Kaen,minor,,
Nam Phong,16.7023,102.8557,Thailand,TH,Khon Kaen,minor,,
Pueai Noi,15.8698,102.9077,Thailand,TH,Khon Kaen,minor,,
Khwao Sinarin,15.0024,103.5915,Thailand,TH,Surin,minor,,
Mae Lao,19.7900,99.6997,Thailand,TH,Chiang Rai,minor,,
Ban Mai Chaiyaphot,15.5736,102.8333,Thailand,TH,Buriram,minor,,
Huai Thalaeng,14.9970,102.6475,Thailand,TH,Nakhon Ratchasima,minor,,
Ban Dan,15.1084,103.1755,Thailand,TH,Buriram,minor,,
Renu Nakhon,17.0516,104.6771,Thailand,TH,Nakhon Phanom,minor,,
Ban Fang,16.4533,102.6389,Thailand,TH,Khon Kaen,minor,,
Don Mot Daeng,15.3790,105.0279,Thailand,TH,Ubon Ratchathani,minor,,
Si Chomphu,16.7988,102.1847,Thailand,TH,Khon Kaen,minor,,
Si Khoraphum,14.9442,103.7970,Thailand,TH,Surin,minor,,
Wapi Pathum,15.8452,103.3768,Thailand,TH,Maha Sarakham,minor,,
Chian Yai,8.1694,100.1447,Thailand,TH,Nakhon Si Thammarat,minor,,
Yan Ta Khao,7.3862,99.6669,Thailand,TH,Trang,minor,,
Khong Chai,16.2602,103.4583,Thailand,TH,Kalasin,minor,,
Khao Chaison,7.4612,100.1337,Thailand,TH,Phatthalung,minor,,
Ban Haet,16.1965,102.7596,Thailand,TH,Khon Kaen,minor,,
Samrong Thap,15.0226,103.9363,Thailand,TH,Surin,minor,,
Khun Tan,19.8335,100.2586,Thailand,TH,Chiang Rai,minor,,
Nong Muang Khai,18.2646,100.1897,Thailand,TH,Phrae,minor,,
Non Thai,15.1958,102.0714,Thailand,TH,Nakhon Ratchasima,minor,,
Kong Krailat,16.9520,99.9777,Thailand,TH,Sukhothai,minor,,
Thung Sai,16.3149,99.8327,Thailand,TH,Kamphaeng Phet,minor,,
Pho Si Suwan,15.2293,104.0767,Thailand,TH,Sisaket,minor,,
Nong Na Kham,16.8043,102.3365,Thailand,TH,Khon Kaen,minor,,
Rong Kham,16.2694,103.7469,Thailand,TH,Kalasin,minor,,
Phimai,15.2232,102.4947,Thailand,TH,Nakhon Ratchasima,minor,,
Fang,19.9169,99.2145,Thailand,TH,Chiang Mai,minor,,
Su-ngai Padi,6.0857,101.8796,Thailand,TH,Narathiwat,minor,,
Thung Khao Luang,15.9940,103.8626,Thailand,TH,Roi Et,minor,,
Chawang,8.4261,99.5047,Thailand,TH,Nakhon Si Thammarat,minor,,
Don Chedi,14.6350,100.0210,Thailand,TH,Suphan Buri,minor,,
Na Klang,17.3072,102.1889,Thailand,TH,Nong Bua Lamphu,minor,,
Sida,15.5499,102.5667,Thailand,TH,Nakhon Ratchasima,minor,,
Phra Thong Kham,15.2669,102.0202,Thailand,TH,Nakhon Ratchasima,minor,,
Phanom Phrai,15.6778,104.1102,Thailand,TH,Roi Et,minor,,
Non Narai,15.2376,103.9133,Thailand,TH,Surin,minor,,
Bueng Bun,15.3303,104.0449,Thailand,TH,Sisaket,minor,,
Khao Wong,16.7001,104.0902,Thailand,TH,Kalasin,minor,,
Bua Lai,15.6655,102.4988,Thailand,TH,Nakhon Ratchasima,minor,,
At Samat,15.8431,103.8784,Thailand,TH,Roi Et,minor,,
Prathai,15.5332,102.7228,Thailand,TH,Nakhon Ratchasima,minor,,
Kae Dam,16.0240,103.3844,Thailand,TH,Maha Sarakham,minor,,
Thung Yang Daeng,6.6182,101.4265,Thailand,TH,Pattani,minor,,
Khao Chakan,13.6535,102.0883,Thailand,TH,Sa Kaeo,minor,,
Non Sila,15.9744,102.6698,Thailand,TH,Khon Kaen,minor,,
Samrong,15.0078,104.7842,Thailand,TH,Ubon Ratchathani,minor,,
Chom Phra,15.1181,103.6074,Thailand,TH,Surin,minor,,
Chaturaphak Phiman,15.8457,103.5572,Thailand,TH,Roi Et,minor,,
Chok Chai,14.7284,102.1652,Thailand,TH,Nakhon Ratchasima,minor,,
Khlong Khlung,16.2163,99.7191,Thailand,TH,Kamphaeng Phet,minor,,
Kabin Buri,13.9511,101.7177,Thailand,TH,Prachin Buri,minor,,
Nong Han,17.3608,103.1053,Thailand,TH,Udon Thani,minor,,
Plaeng Yao,13.5847,101.2840,Thailand,TH,Chachoengsao,minor,,
Satuek,15.2970,103.2919,Thailand,TH,Buriram,minor,,
Laem Ngop,12.1717,102.3949,Thailand,TH,Trat,minor,,
Khu Khan,14.7136,104.1984,Thailand,TH,Sisaket,minor,,
Yang Si Surat,15.6836,103.1031,Thailand,TH,Maha Sarakham,minor,,
Don Phut,14.5917,100.6283,Thailand,TH,Sara Buri,minor,,
Selaphum,16.0299,103.9383,Thailand,TH,Roi Et,minor,,
Khao Yoi,13.2402,99.8243,Thailand,TH,Phetchaburi,minor,,
Borabue,16.0418,103.1151,Thailand,TH,Maha Sarakham,minor,,
Kosum Phisai,16.2486,103.0674,Thailand,TH,Maha Sarakham,minor,,
Chum Phuang,15.3486,102.7416,Thailand,TH,Nakhon Ratchasima,minor,,
Nong Hi,15.6112,103.9948,Thailand,TH,Roi Et,minor,,
Lam Plai Mat,15.0252,102.8389,Thailand,TH,Buriram,minor,,
Wiang Chai,19.8836,99.9331,Thailand,TH,Chiang Rai,minor,,
Kham Sakae Saeng,15.3322,102.1728,Thailand,TH,Nakhon Ratchasima,minor,,
Huai Thap Than,15.0533,104.0275,Thailand,TH,Sisaket,minor,,
Khemarat,16.0425,105.2184,Thailand,TH,Ubon Ratchathani,minor,,
Prang Ku,14.8567,104.0398,Thailand,TH,Sisaket,minor,,
Pluak Daeng,12.9712,101.2146,Thailand,TH,Rayong,minor,,
Rueso,6.3936,101.5185,Thailand,TH,Narathiwat,minor,,
Sawang Daen Din,17.4753,103.4575,Thailand,TH,Sakon Nakhon,minor,,
Phrom Phiram,17.0335,100.2019,Thailand,TH,Phitsanulok,minor,,
Phu Khiao,16.3765,102.1285,Thailand,TH,Chaiyaphum,minor,,
Kham Thale So,14.9608,101.9479,Thailand,TH,Nakhon Ratchasima,minor,,
Chang Klang,8.3709,99.5625,Thailand,TH,Nakhon Si Thammarat,minor,,
Si Samrong,17.1640,99.8622,Thailand,TH,Sukhothai,minor,,
Waeng Yai,15.9555,102.5469,Thailand,TH,Khon Kaen,minor,,
Rattaphum,7.1348,100.2565,Thailand,TH,Songkhla,minor,,
Khueang Nai,15.3899,104.5508,Thailand,TH,Ubon Ratchathani,minor,,
Fao Rai,18.0179,103.3039,Thailand,TH,Nong Khai,minor,,
Rattanaburi,15.3179,103.8486,Thailand,TH,Surin,minor,,
Na Dun,15.7167,103.2278,Thailand,TH,Maha Sarakham,minor,,
Phan,19.5540,99.7405,Thailand,TH,Chiang Rai,minor,,
Kaeng Khro,16.1086,102.2581,Thailand,TH,Chaiyaphum,minor,,
Krong Pi Nang,6.4112,101.2739,Thailand,TH,Yala,minor,,
Krasang,14.9237,103.3037,Thailand,TH,Buriram,minor,,
Thepha,6.8294,100.9643,Thailand,TH,Songkhla,minor,,
Khu Mueang,15.2716,103.0017,Thailand,TH,Buriram,minor,,
Phlapphla Chai,14.7301,103.1673,Thailand,TH,Buriram,minor,,
Ban Sang,13.9950,101.2209,Thailand,TH,Prachin Buri,minor,,
Kho Wang,15.3700,104.3523,Thailand,TH,Yasothon,minor,,
Na Pho,15.6411,102.9546,Thailand,TH,Buriram,minor,,
Huai Mek,16.5897,103.2355,Thailand,TH,Kalasin,minor,,
Phanom Thuan,14.1303,99.6986,Thailand,TH,Kanchanaburi,minor,,
Tron,17.4818,100.1128,Thailand,TH,Uttaradit,minor,,
Thap Khlo,16.1600,100.5966,Thailand,TH,Phichit,minor,,
Sam Sung,16.5432,103.0799,Thailand,TH,Khon Kaen,minor,,
Khong,15.4439,102.3286,Thailand,TH,Nakhon Ratchasima,minor,,
Kao Liao,15.8505,100.0791,Thailand,TH,Nakhon Sawan,minor,,
Ban Na Doem,8.8836,99.3101,Thailand,TH,Surat Thani,minor,,
Rattanawapi,18.2136,103.1797,Thailand,TH,Nong Khai,minor,,
Mueang Chan,15.1595,104.0361,Thailand,TH,Sisaket,minor,,
Khok Si Suphan,17.0451,104.2756,Thailand,TH,Sakon Nakhon,minor,,
Huai Yot,7.7894,99.6347,Thailand,TH,Trang,minor,,
Prakhon Chai,14.6107,103.0792,Thailand,TH,Buriram,minor,,
Mueang Suang,15.8219,103.7288,Thailand,TH,Roi Et,minor,,
Phrai Bueng,14.7483,104.3626,Thailand,TH,Sisaket,minor,,
Khok Samrong,15.0665,100.7223,Thailand,TH,Lop Buri,minor,,
Na Mon,16.5765,103.7871,Thailand,TH,Kalasin,minor,,
Na Bon,8.2617,99.5947,Thailand,TH,Nakhon Si Thammarat,minor,,
Trakan Phut Phon,15.6118,105.0215,Thailand,TH,Ubon Ratchathani,minor,,
Bang Rakam,16.7585,100.1174,Thailand,TH,Phitsanulok,minor,,
Nong Ki,14.6868,102.5380,Thailand,TH,Buriram,minor,,
Nong Chang,15.3915,99.8415,Thailand,TH,Uthai Thani,minor,,
Maha Chana Chai,15.5294,104.2385,Thailand,TH,Yasothon,minor,,
Phunphin,9.1107,99.2321,Thailand,TH,Surat Thani,minor,,
Kut Khaopun,15.7927,104.9981,Thailand,TH,Ubon Ratchathani,minor,,
Khuan Don,6.7876,100.0778,Thailand,TH,Satun,minor,,
Prasat,14.6404,103.4045,Thailand,TH,Surin,minor,,
Na Khu,16.7638,104.0263,Thailand,TH,Kalasin,minor,,
Kaeng Sanam Nang,15.7495,102.2548,Thailand,TH,Nakhon Ratchasima,minor,,
Nikhom Kham Soi,16.3717,104.5515,Thailand,TH,Mukdahan,minor,,
Si Bun Rueang,16.9671,102.2761,Thailand,TH,Nong Bua Lamphu,minor,,
Pho Chai,16.3283,103.7703,Thailand,TH,Roi Et,minor,,
Ban Thaen,16.4051,102.3424,Thailand,TH,Chaiyaphum,minor,,
Pho Thale,16.0927,100.2609,Thailand,TH,Phichit,minor,,
Ko Kha,18.1923,99.3943,Thailand,TH,Lampang,minor,,
Waeng,16.3001,103.9779,Thailand,TH,Roi Et,minor,,
Kham Khuean Kaeo,15.6523,104.3086,Thailand,TH,Yasothon,minor,,
Nong Yasai,14.7799,99.9107,Thailand,TH,Suphan Buri,minor,,
Muang Sam Sip,15.5131,104.7256,Thailand,TH,Ubon Ratchathani,minor,,
Sa Khrai,17.6754,102.7507,Thailand,TH,Nong Khai,minor,,
Wang Muang,14.8423,101.1255,Thailand,TH,Sara Buri,minor,,
Phayakkhaphum Phisai,15.5163,103.1937,Thailand,TH,Maha Sarakham,minor,,
Sai Mun,15.9449,104.2081,Thailand,TH,Yasothon,minor,,
Ratsada,7.9747,99.6335,Thailand,TH,Trang,minor,,
Tha Yang,12.9723,99.8827,Thailand,TH,Phetchaburi,minor,,
Phrom Khiri,8.5233,99.8227,Thailand,TH,Nakhon Si Thammarat,minor,,
Yang Chum Noi,15.2645,104.3977,Thailand,TH,Sisaket,minor,,
Lam Thamen Chai,15.3535,102.9180,Thailand,TH,Nakhon Ratchasima,minor,,
Sak Lek,16.5053,100.4710,Thailand,TH,Phichit,minor,,
Sam Ngam,16.5065,100.2050,Thailand,TH,Phichit,minor,,
Banphot Phisai,15.9356,99.9813,Thailand,TH,Nakhon Sawan,minor,,
Tha Phae,6.7901,99.9701,Thailand,TH,Satun,minor,,
Nuea Khlong,8.0714,98.9993,Thailand,TH,Krabi,minor,,
Chiang Saen,20.2751,100.0869,Thailand,TH,Chiang Rai,minor,,
Mae Fa Luang,20.2663,99.7985,Thailand,TH,Chiang Rai,minor,,
Pathum Rat,15.6345,103.3432,Thailand,TH,Roi Et,minor,,
Khuean Ubonrat,16.7527,102.6324,Thailand,TH,Khon Kaen,minor,,
Kong Ra,7.4027,99.9497,Thailand,TH,Phatthalung,minor,,
Suwannakhuha,17.5629,102.2799,Thailand,TH,Nong Bua Lamphu,minor,,
Mae Ai,20.0288,99.2983,Thailand,TH,Chiang Mai,minor,,
Sawang Wirawong,15.2416,105.0922,Thailand,TH,Ubon Ratchathani,minor,,
Lat Yao,15.7510,99.7892,Thailand,TH,Nakhon Sawan,minor,,
Lap Lae,17.6521,100.0389,Thailand,TH,Uttaradit,minor,,
Khanu Woralaksaburi,16.0617,99.8606,Thailand,TH,Kamphaeng Phet,minor,,
Sai Ngam,16.4686,99.8884,Thailand,TH,Kamphaeng Phet,minor,,
Na Wang,17.3244,102.0783,Thailand,TH,Nong Bua Lamphu,minor,,
Wang Chan,12.9365,101.5230,Thailand,TH,Rayong,minor,,
Non Sang,16.8687,102.5664,Thailand,TH,Nong Bua Lamphu,minor,,
Sahatsakhan,16.7124,103.5202,Thailand,TH,Kalasin,minor,,
Kut Chap,17.4257,102.5669,Thailand,TH,Udon Thani,minor,,
Ku Kaeo,17.1721,103.1530,Thailand,TH,Udon Thani,minor,,
Sichon,8.9641,99.8960,Thailand,TH,Nakhon Si Thammarat,minor,,
Nong Hong,14.8478,102.6840,Thailand,TH,Buriram,minor,,
Chakkarat,15.0135,102.4129,Thailand,TH,Nakhon Ratchasima,minor,,
Mueang Yang,15.4206,102.8928,Thailand,TH,Nakhon Ratchasima,minor,,
Mancha Khiri,16.1305,102.5371,Thailand,TH,Khon Kaen,minor,,
Na Chueak,15.7934,103.0318,Thailand,TH,Maha Sarakham,minor,,
Si Narong,14.7674,103.8739,Thailand,TH,Surin,minor,,
Thung Fon,17.4717,103.2603,Thailand,TH,Udon Thani,minor,,
Lao Suea Kok,15.4183,104.9236,Thailand,TH,Ubon Ratchathani,minor,,
Chaloem Phra Kiat,14.5584,102.9248,Thailand,TH,Buriram,minor,,
Chamni,14.7863,102.8228,Thailand,TH,Buriram,minor,,
Khao Suan Kwang,16.8589,102.8612,Thailand,TH,Khon Kaen,minor,,
Thung Si Udom,14.7330,104.9090,Thailand,TH,Ubon Ratchathani,minor,,
Lan Krabue,16.6000,99.8489,Thailand,TH,Kamphaeng Phet,minor,,
Rasi Salai,15.3447,104.1548,Thailand,TH,Sisaket,minor,,
Khok Pho Chai,16.0837,102.3990,Thailand,TH,Khon Kaen,minor,,
Ko Yao,8.1101,98.5923,Thailand,TH,Phangnga,minor,,
Phutthaisong,15.5478,103.0247,Thailand,TH,Buriram,minor,,
Wang Sai Phun,16.3885,100.5380,Thailand,TH,Phichit,minor,,
Suwannaphum,15.6035,103.8021,Thailand,TH,Roi Et,minor,,
Kosamphi Nakhon,16.6313,99.3498,Thailand,TH,Kamphaeng Phet,minor,,
Doi Saket,18.8705,99.1367,Thailand,TH,Chiang Mai,minor,,
Bueng Sam Phan,15.7840,101.0072,Thailand,TH,Phetchabun,minor,,
Phon Phisai,18.0211,103.0766,Thailand,TH,Nong Khai,minor,,
Sila Lat,15.4716,104.0715,Thailand,TH,Sisaket,minor,,
Wang Hin,14.9478,104.2310,Thailand,TH,Sisaket,minor,,
Kanchanadit,9.1661,99.4701,Thailand,TH,Surat Thani,minor,,
Chai Prakan,19.7314,99.1400,Thailand,TH,Chiang Mai,minor,,
Lan Saka,8.3710,99.8056,Thailand,TH,Nakhon Si Thammarat,minor,,
Krok Phra,15.5559,100.0715,Thailand,TH,Nakhon Sawan,minor,,
Cha-uat,7.9677,99.9998,Thailand,TH,Nakhon Si Thammarat,minor,,
So Phisai,18.0772,103.4432,Thailand,TH,Bueng Kan,minor,,
Ongkharak,14.1212,101.0036,Thailand,TH,Nakhon Nayok,minor,,
Tan Sum,15.3157,105.1546,Thailand,TH,Ubon Ratchathani,minor,,
Tha Tum,15.3195,103.6754,Thailand,TH,Surin,minor,,
Hat Samran,7.2403,99.5762,Thailand,TH,Trang,minor,,
Phichai,17.2876,100.0867,Thailand,TH,Uttaradit,minor,,
Pa Daet,19.5049,99.9924,Thailand,TH,Chiang Rai,minor,,
Warichaphum,17.2941,103.6382,Thailand,TH,Sakon Nakhon,minor,,
Ban Kruat,14.4231,103.0997,Thailand,TH,Buriram,minor,,
Sung Noen,14.8992,101.8208,Thailand,TH,Nakhon Ratchasima,minor,,
Na Kae,16.9464,104.5008,Thailand,TH,Nakhon Phanom,minor,,
Lamduan,14.7220,103.6693,Thailand,TH,Surin,minor,,
Pho Tak,17.8749,102.4041,Thailand,TH,Nong Khai,minor,,
Somdet,16.7046,103.7493,Thailand,TH,Kalasin,minor,,
Pho Prathap Chang,16.3122,100.2735,Thailand,TH,Phichit,minor,,
Thap Sakae,11.4996,99.6217,Thailand,TH,Prachuap Khiri Khan,minor,,
Nong Bun Nak,14.7395,102.3656,Thailand,TH,Nakhon Ratchasima,minor,,
Nam Kliang,14.9273,104.5130,Thailand,TH,Sisaket,minor,,
Takua Thung,8.3922,98.4523,Thailand,TH,Phangnga,minor,,
Thung Yai,8.3012,99.3661,Thailand,TH,Nakhon Si Thammarat,minor,,
Pakham,14.4382,102.7256,Thailand,TH,Buriram,minor,,
Thung Saliam,17.3211,99.5609,Thailand,TH,Sukhothai,minor,,
Kut Chum,16.0329,104.3394,Thailand,TH,Yasothon,minor,,
Pa Phayom,7.8403,99.9177,Thailand,TH,Phatthalung,minor,,
Moeiwadi,16.3894,104.1572,Thailand,TH,Roi Et,minor,,
Lue Amnat,15.6948,104.6485,Thailand,TH,Amnat Charoen,minor,,
Pran Buri,12.3849,99.9016,Thailand,TH,Prachuap Khiri Khan,minor,,
Ratchasan,13.7821,101.2813,Thailand,TH,Chachoengsao,minor,,
Khon Sawan,15.9319,102.2810,Thailand,TH,Chaiyaphum,minor,,
Erawan,17.3018,101.9538,Thailand,TH,Loei,minor,,
Thoeng,19.6851,100.1946,Thailand,TH,Chiang Rai,minor,,
Na Yia,15.0637,105.0599,Thailand,TH,Ubon Ratchathani,minor,,
Mae Chai,19.3460,99.8140,Thailand,TH,Phayao,minor,,
Don Tan,16.3170,104.9200,Thailand,TH,Mukdahan,minor,,
Kanthararom,15.1032,104.5734,Thailand,TH,Sisaket,minor,,
Thap Than,15.4606,99.8917,Thailand,TH,Uthai Thani,minor,,
Na Wa,17.4897,104.1006,Thailand,TH,Nakhon Phanom,minor,,
Bueng Samakkhi,16.1873,99.9753,Thailand,TH,Kamphaeng Phet,minor,,
Sangkha,14.6362,103.8528,Thailand,TH,Surin,minor,,
Phon Charoen,18.0314,103.7100,Thailand,TH,Bueng Kan,minor,,
Phaya Mengrai,19.8492,100.1536,Thailand,TH,Chiang Rai,minor,,
Nong Kha Yang,15.3640,99.9294,Thailand,TH,Uthai Thani,minor,,
Tamot,7.3392,100.1117,Thailand,TH,Phatthalung,minor,,
Phibun Rak,17.5531,103.0579,Thailand,TH,Udon Thani,minor,,
Khaen Dong,15.3248,103.1334,Thailand,TH,Buriram,minor,,
Akat Amnuai,17.5964,103.9816,Thailand,TH,Sakon Nakhon,minor,,
Wachira Barami,16.5231,100.1446,Thailand,TH,Phichit,minor,,
Thap Put,8.5162,98.6397,Thailand,TH,Phangnga,minor,,
Pha Khao,17.0651,102.0297,Thailand,TH,Loei,minor,,
Phen,17.6961,102.9069,Thailand,TH,Udon Thani,minor,,
Bamnet Narong,15.5019,101.6898,Thailand,TH,Chaiyaphum,minor,,
Siao,14.7958,104.6702,Thailand,TH,Sisaket,minor,,
Khlong Hoi Khong,6.8986,100.3889,Thailand,TH,Songkhla,minor,,
Nam Khun,14.5839,104.9248,Thailand,TH,Ubon Ratchathani,minor,,
Ban Phaeng,17.9651,104.2153,Thailand,TH,Nakhon Phanom,minor,,
Pak Khat,18.3056,103.3044,Thailand,TH,Bueng Kan,minor,,
Kaset Wisai,15.6556,103.5836,Thailand,TH,Roi Et,minor,,
Bueng Khong Long,17.9613,104.0467,Thailand,TH,Bueng Kan,minor,,
Si Wilai,18.1819,103.7479,Thailand,TH,Bueng Kan,minor,,
Tham Phannara,8.4204,99.3952,Thailand,TH,Nakhon Si Thammarat,minor,,
Chaiwan,17.2945,103.2339,Thailand,TH,Udon Thani,minor,,
Nong Kung Si,16.6559,103.2972,Thailand,TH,Kalasin,minor,,
Phatthana Nikhom,14.8565,100.9846,Thailand,TH,Lop Buri,minor,,
Kra Buri,10.4043,98.7727,Thailand,TH,Ranong,minor,,
Ban Nang Sata,6.2664,101.2646,Thailand,TH,Yala,minor,,
Pa Tio,15.8328,104.3867,Thailand,TH,Yasothon,minor,,
Wanon Niwat,17.6339,103.7524,Thailand,TH,Sakon Nakhon,minor,,
Chatturat,15.5654,101.8455,Thailand,TH,Chaiyaphum,minor,,
Kut Rang,16.0940,103.0100,Thailand,TH,Maha Sarakham,minor,,
Phu Sang,19.5990,100.3244,Thailand,TH,Phayao,minor,,
Nong Yai,13.1551,101.3723,Thailand,TH,Chon Buri,minor,,
Bang Sai,14.2124,100.4966,Thailand,TH,Phra Nakhon Si Ayutthaya,minor,,
Nong Phok,16.3101,104.2025,Thailand,TH,Roi Et,minor,,
Na Thawi,6.7419,100.6914,Thailand,TH,Songkhla,minor,,
Thai Charoen,16.0664,104.4402,Thailand,TH,Yasothon,minor,,
Phon Sai,15.4880,103.9964,Thailand,TH,Roi Et,minor,,
Phanna Nikhom,17.3525,103.8503,Thailand,TH,Sakon Nakhon,minor,,
Non Kho,14.9167,104.7252,Thailand,TH,Sisaket,minor,,
Wiang Chiang Rung,20.0133,100.0564,Thailand,TH,Chiang Rai,minor,,
Mae Tha,18.4646,99.1403,Thailand,TH,Lamphun,minor,,
Ban Khwao,15.7777,101.9072,Thailand,TH,Chaiyaphum,minor,,
Song Dao,17.3363,103.4755,Thailand,TH,Sakon Nakhon,minor,,
Bo Thong,13.2782,101.4403,Thailand,TH,Chon Buri,minor,,
Sang Khom,17.8265,103.0926,Thailand,TH,Udon Thani,minor,,
Nikhom Nam Un,17.1831,103.7184,Thailand,TH,Sakon Nakhon,minor,,
Non Sa-at,16.9791,102.8937,Thailand,TH,Udon Thani,minor,,
Tha Uthen,17.5760,104.5991,Thailand,TH,Nakhon Phanom,minor,,
Charoen Sin,17.5793,103.5403,Thailand,TH,Sakon Nakhon,minor,,
Khiri Mat,16.8333,99.8000,Thailand,TH,Sukhothai,minor,,
Ko Pha-Ngan,9.7194,99.9951,Thailand,TH,Surat Thani,minor,,
Hua Taphan,15.6971,104.4916,Thailand,TH,Amnat Charoen,minor,,
Bang Saphan,11.2145,99.5114,Thailand,TH,Prachuap Khiri Khan,minor,,
Seka,17.9285,103.9552,Thailand,TH,Bueng Kan,minor,,
Phayuha Khiri,15.4552,100.1353,Thailand,TH,Nakhon Sawan,minor,,
Dan Khun Thot,15.2085,101.7714,Thailand,TH,Nakhon Ratchasima,minor,,
Loeng Nok Tha,16.2075,104.5553,Thailand,TH,Yasothon,minor,,
Nong Sung,16.4830,104.3471,Thailand,TH,Mukdahan,minor,,
Hankha,14.9812,100.0147,Thailand,TH,Chai Nat,minor,,
Chiang Klang,19.2938,100.8617,Thailand,TH,Nan,minor,,
Pa Bon,7.2694,100.1704,Thailand,TH,Phatthalung,minor,,
Kham Muang,16.9290,103.6352,Thailand,TH,Kalasin,minor,,
Tha Luang,15.0712,101.0980,Thailand,TH,Lop Buri,minor,,
Yaha,6.4797,101.1320,Thailand,TH,Yala,minor,,
Phana,15.6823,104.8460,Thailand,TH,Amnat Charoen,minor,,
Ban Hong,18.3309,98.8192,Thailand,TH,Lamphun,minor,,
Nong Wua So,17.1626,102.5727,Thailand,TH,Udon Thani,minor,,
Tha Khantho,16.9395,103.2459,Thailand,TH,Kalasin,minor,,
Phu Kam Yao,19.2705,99.9701,Thailand,TH,Phayao,minor,,
Khao Saming,12.3535,102.4355,Thailand,TH,Trat,minor,,
Phon Na Kaeo,17.2212,104.2899,Thailand,TH,Sakon Nakhon,minor,,
Phanom Dong Rak,14.4458,103.3051,Thailand,TH,Surin,minor,,
Nong Phai,15.9902,101.0618,Thailand,TH,Phetchabun,minor,,
Don Chan,16.4571,103.6956,Thailand,TH,Kalasin,minor,,
Sawi,10.2367,99.1094,Thailand,TH,Chumphon,minor,,
Dong Charoen,16.0206,100.6629,Thailand,TH,Phichit,minor,,
Ko Lanta,7.6573,99.0441,Thailand,TH,Krabi,minor,,
Thai Mueang,8.3991,98.2606,Thailand,TH,Phangnga,minor,,
Na Chaluai,14.5205,105.2448,Thailand,TH,Ubon Ratchathani,minor,,
Bueng Na Rang,16.1712,100.1253,Thailand,TH,Phichit,minor,,
Chiang Khong,20.2588,100.4081,Thailand,TH,Chiang Rai,minor,,
Noen Sa-nga,15.5643,102.0013,Thailand,TH,Chaiyaphum,minor,,
Kham Ta Kla,17.8523,103.7566,Thailand,TH,Sakon Nakhon,minor,,
Thung Tako,10.1102,99.0831,Thailand,TH,Chumphon,minor,,
Wang Thong,16.8246,100.4294,Thailand,TH,Phitsanulok,minor,,
Non Suwan,14.5804,102.5969,Thailand,TH,Buriram,minor,,
Phrasaeng,8.5678,99.2476,Thailand,TH,Surat Thani,minor,,
Kap Choeng,14.4749,103.5944,Thailand,TH,Surin,minor,,
Thung Wa,7.1096,99.7559,Thailand,TH,Satun,minor,,
Pak Tho,13.3726,99.8394,Thailand,TH,Ratchaburi,minor,,
Chumphon Buri,15.3486,103.3922,Thailand,TH,Surin,minor,,
Wang Pong,16.3415,100.7932,Thailand,TH,Phetchabun,minor,,
Senangkhanikhom,16.0397,104.6694,Thailand,TH,Amnat Charoen,minor,,
Khlong Hat,13.4518,102.2982,Thailand,TH,Sa Kaeo,minor,,
Kusuman,17.3326,104.3315,Thailand,TH,Sakon Nakhon,minor,,
Prachantakham,14.0644,101.5150,Thailand,TH,Prachin Buri,minor,,
Khamcha-i,16.5776,104.4196,Thailand,TH,Mukdahan,minor,,
Si Thep,15.4521,101.0667,Thailand,TH,Phetchabun,minor,,
Muak Lek,14.6529,101.2002,Thailand,TH,Sara Buri,minor,,
Lamae,9.7679,99.0926,Thailand,TH,Chumphon,minor,,
Khao Chamao,12.9759,101.6851,Thailand,TH,Rayong,minor,,
Chiang Kham,19.5233,100.3000,Thailand,TH,Phayao,minor,,
Khun Han,14.6174,104.4251,Thailand,TH,Sisaket,minor,,
Tha Chana,9.5720,99.1659,Thailand,TH,Surat Thani,minor,,
Saba Yoi,6.6175,100.9519,Thailand,TH,Songkhla,minor,,
Hang Chat,18.3288,99.3462,Thailand,TH,Lampang,minor,,
Lahan Sai,14.4114,102.8594,Thailand,TH,Buriram,minor,,
Si Songkhram,17.6274,104.2507,Thailand,TH,Nakhon Phanom,minor,,
Chun,19.3369,100.1348,Thailand,TH,Phayao,minor,,
Ao Luek,8.3775,98.7217,Thailand,TH,Krabi,minor,,
Khanom,9.2047,99.8611,Thailand,TH,Nakhon Si Thammarat,minor,,
Nong Bua,15.8646,100.5858,Thailand,TH,Nakhon Sawan,minor,,
Nong Muang,15.2459,100.6556,Thailand,TH,Lop Buri,minor,,
Sanam Chai Khet,13.6586,101.4391,Thailand,TH,Chachoengsao,minor,,
Wat Sing,15.2599,100.0404,Thailand,TH,Chai Nat,minor,,
Pho Sai,15.8259,105.2606,Thailand,TH,Ubon Ratchathani,minor,,
Ban Phue,17.6888,102.4788,Thailand,TH,Udon Thani,minor,,
Sawang Arom,15.5839,99.8609,Thailand,TH,Uthai Thani,minor,,
Chai Badan,15.2061,101.1368,Thailand,TH,Lop Buri,minor,,
Si That,16.9736,103.2164,Thailand,TH,Udon Thani,minor,,
Huai Phueng,16.6504,103.9100,Thailand,TH,Kalasin,minor,,
Huai Krachao,14.3275,99.6677,Thailand,TH,Kanchanaburi,minor,,
Tak Fa,15.3492,100.4952,Thailand,TH,Nakhon Sawan,minor,,
Phu Phiang,18.7380,100.8003,Thailand,TH,Nan,minor,,
Nam Som,17.7704,102.1895,Thailand,TH,Udon Thani,minor,,
Sa Bot,15.2101,100.8308,Thailand,TH,Lop Buri,minor,,
Wang Wiset,7.7363,99.3987,Thailand,TH,Trang,minor,,
Soeng Sang,14.4264,102.4606,Thailand,TH,Nakhon Ratchasima,minor,,
Tha Tako,15.6422,100.4784,Thailand,TH,Nakhon Sawan,minor,,
Ban Muang,17.8508,103.5694,Thailand,TH,Sakon Nakhon,minor,,
Pla Pak,17.1806,104.5261,Thailand,TH,Nakhon Phanom,minor,,
Khiri Ratthanikhom,9.0302,98.9529,Thailand,TH,Surat Thani,minor,,
Kaset Sombun,16.2805,101.9542,Thailand,TH,Chaiyaphum,minor,,
Doi Luang,20.1178,100.0992,Thailand,TH,Chiang Rai,minor,,
Phu Pha Man,16.6489,101.9010,Thailand,TH,Khon Kaen,minor,,
Chom Thong,18.4174,98.6743,Thailand,TH,Chiang Mai,minor,,
Chon Daen,16.1895,100.8596,Thailand,TH,Phetchabun,minor,,
Bung Khla,18.3023,103.9742,Thailand,TH,Bueng Kan,minor,,
Plai Phraya,8.5328,98.8637,Thailand,TH,Krabi,minor,,
Sirindhorn,15.2008,105.3922,Thailand,TH,Ubon Ratchathani,minor,,
Phran Kratai,16.6651,99.5889,Thailand,TH,Kamphaeng Phet,minor,,
Lom Kao,16.8861,101.2289,Thailand,TH,Phetchabun,minor,,
Makham,12.6729,102.1958,Thailand,TH,Chanthaburi,minor,,
Ta Phraya,14.0031,102.8054,Thailand,TH,Sa Kaeo,minor,,
Den Chai,17.9837,100.0522,Thailand,TH,Phrae,minor,,
Si Mueang Mai,15.4931,105.2762,Thailand,TH,Ubon Ratchathani,minor,,
Bo Rai,12.5728,102.5371,Thailand,TH,Trat,minor,,
Pua,19.1750,100.9162,Thailand,TH,Nan,minor,,
Watthana Nakhon,13.7446,102.3186,Thailand,TH,Sa Kaeo,minor,,
Noen Maprang,16.5667,100.6333,Thailand,TH,Phitsanulok,minor,,
Bang Khan,8.0269,99.4737,Thailand,TH,Nakhon Si Thammarat,minor,,
Sikao,7.5716,99.3449,Thailand,TH,Trang,minor,,
Wiang Kaen,20.1130,100.5133,Thailand,TH,Chiang Rai,minor,,
Nam Yuen,14.4894,105.0009,Thailand,TH,Ubon Ratchathani,minor,,
Phon Sawan,17.4563,104.4688,Thailand,TH,Nakhon Phanom,minor,,
Wang Sombun,13.3618,102.1911,Thailand,TH,Sa Kaeo,minor,,
Chom Bueng,13.6200,99.5917,Thailand,TH,Ratchaburi,minor,,
Tha Wang Pha,19.1219,100.8111,Thailand,TH,Nan,minor,,
Palian,7.1724,99.6862,Thailand,TH,Trang,minor,,
Nong Hin,17.1236,101.8579,Thailand,TH,Loei,minor,,
Khian Sa,8.8430,99.1986,Thailand,TH,Surat Thani,minor,,
Samran,16.8632,103.5411,Thailand,TH,Kalasin,minor,,
Mae Taeng,19.1171,98.9418,Thailand,TH,Chiang Mai,minor,,
Lam Thap,8.0723,99.2922,Thailand,TH,Krabi,minor,,
Wang Chao,16.6744,99.2690,Thailand,TH,Tak,minor,,
Si Banphot,7.7214,99.8843,Thailand,TH,Phatthalung,minor,,
Phai Sali,15.6000,100.6494,Thailand,TH,Nakhon Sawan,minor,,
Khlong Thom,7.9375,99.1446,Thailand,TH,Krabi,minor,,
Thepharak,15.3087,101.5505,Thailand,TH,Nakhon Ratchasima,minor,,
Pathum Ratchawongsa,15.8922,104.9056,Thailand,TH,Amnat Charoen,minor,,
Lam Sonthi,15.3015,101.3637,Thailand,TH,Lop Buri,minor,,
Buntharik,14.7564,105.4115,Thailand,TH,Ubon Ratchathani,minor,,
Kut Bak,17.0888,103.8188,Thailand,TH,Sakon Nakhon,minor,,
Bua Chet,14.5281,103.9457,Thailand,TH,Surin,minor,,
Dan Makham Tia,13.8534,99.4104,Thailand,TH,Kanchanaburi,minor,,
Pak Phli,14.1631,101.2689,Thailand,TH,Nakhon Nayok,minor,,
Chai Buri,8.4622,99.0763,Thailand,TH,Surat Thani,minor,,
Wang Sam Mo,16.9529,103.4365,Thailand,TH,Udon Thani,minor,,
Khuan Kalong,6.8454,100.0715,Thailand,TH,Satun,minor,,
Chaiya,9.3862,99.1986,Thailand,TH,Surat Thani,minor,,
Nong Prue,14.6078,99.4578,Thailand,TH,Kanchanaburi,minor,,
Khok Charoen,15.3793,100.8187,Thailand,TH,Lop Buri,minor,,
Wang Yang,17.0575,104.4533,Thailand,TH,Nakhon Phanom,minor,,
Pathio,10.7091,99.3182,Thailand,TH,Chumphon,minor,,
Thep Sathit,15.3925,101.4506,Thailand,TH,Chaiyaphum,minor,,
Phipun,8.5604,99.6070,Thailand,TH,Nakhon Si Thammarat,minor,,
Soi Dao,13.1289,102.2140,Thailand,TH,Chanthaburi,minor,,
Chiang Khan,17.8938,101.6600,Thailand,TH,Loei,minor,,
Chaloem Phra Kiat,19.5788,101.0801,Thailand,TH,Nan,minor,,
Rong Kwang,18.3390,100.3174,Thailand,TH,Phrae,minor,,
Tao Ngoi,16.9969,104.1667,Thailand,TH,Sakon Nakhon,minor,,
Ban Tak,17.0433,99.0813,Thailand,TH,Tak,minor,,
Phop Phra,16.3846,98.6903,Thailand,TH,Tak,minor,,
Kapoe,9.5852,98.5961,Thailand,TH,Ranong,minor,,
Kui Buri,12.0828,99.8543,Thailand,TH,Prachuap Khiri Khan,minor,,
Na Di,14.1152,101.7819,Thailand,TH,Prachin Buri,minor,,
Khok Sung,13.8382,102.6225,Thailand,TH,Sa Kaeo,minor,,
Manang,6.9993,99.9216,Thailand,TH,Satun,minor,,
Si Sakhon,6.2314,101.5005,Thailand,TH,Narathiwat,minor,,
Noen Kham,14.9501,99.9390,Thailand,TH,Chai Nat,minor,,
Mae Wang,18.6160,98.7729,Thailand,TH,Chiang Mai,minor,,
Wiang Pa Pao,19.3478,99.5072,Thailand,TH,Chiang Rai,minor,,
Mae Suai,19.6563,99.5437,Thailand,TH,Chiang Rai,minor,,
Sop Prap,17.8805,99.3370,Thailand,TH,Lampang,minor,,
Phu Sing,14.5474,104.1317,Thailand,TH,Sisaket,minor,,
Lao Khwan,14.5952,99.7743,Thailand,TH,Kanchanaburi,minor,,
Chum Ta Bong,15.6319,99.5523,Thailand,TH,Nakhon Sawan,minor,,
Khong Chiam,15.3186,105.4951,Thailand,TH,Ubon Ratchathani,minor,,
Dan Chang,14.8418,99.6976,Thailand,TH,Suphan Buri,minor,,
Khon Buri,14.5254,102.2459,Thailand,TH,Nakhon Ratchasima,minor,,
Phrao,19.3659,99.2019,Thailand,TH,Chiang Mai,minor,,
Nong Mamong,15.2761,99.8664,Thailand,TH,Chai Nat,minor,,
Khao Phanom,8.2655,99.0512,Thailand,TH,Krabi,minor,,
Bang Saphan Noi,11.0754,99.4415,Thailand,TH,Prachuap Khiri Khan,minor,,
Ban Dan Lan Hoi,17.0068,99.5750,Thailand,TH,Sukhothai,minor,,
Bo Phloi,14.3252,99.5147,Thailand,TH,Kanchanaburi,minor,,
Tha Sae,10.6646,99.1728,Thailand,TH,Chumphon,minor,,
Suk Samran,9.3446,98.4290,Thailand,TH,Ranong,minor,,
Wang Nuea,19.1468,99.6193,Thailand,TH,Lampang,minor,,
Wang Chin,17.8935,99.6032,Thailand,TH,Phrae,minor,,
Phu Phan,16.9989,103.9735,Thailand,TH,Sakon Nakhon,minor,,
Wat Bot,16.9811,100.3319,Thailand,TH,Phitsanulok,minor,,
Na Thom,17.7849,104.0908,Thailand,TH,Nakhon Phanom,minor,,
Mae Wong,15.7816,99.5186,Thailand,TH,Nakhon Sawan,minor,,
Mae Tha,18.1341,99.5139,Thailand,TH,Lampang,minor,,
Sam Roi Yot,12.2708,99.8720,Thailand,TH,Prachuap Khiri Khan,minor,,
Lan Sak,15.4529,99.5761,Thailand,TH,Uthai Thani,minor,,
Chanae,6.0991,101.6935,Thailand,TH,Narathiwat,minor,,
Long,18.0742,99.8307,Thailand,TH,Phrae,minor,,
Khlong Lan,16.2033,99.3200,Thailand,TH,Kamphaeng Phet,minor,,
Pang Sila Thong,16.0963,99.4891,Thailand,TH,Kamphaeng Phet,minor,,
Sangkhom,18.0639,102.2736,Thailand,TH,Nong Khai,minor,,
Pak Chom,18.0206,101.8983,Thailand,TH,Loei,minor,,
Huai Khot,15.2909,99.6166,Thailand,TH,Uthai Thani,minor,,
Chanuman,16.2336,105.0005,Thailand,TH,Amnat Charoen,minor,,
La-Un,10.1165,98.7500,Thailand,TH,Ranong,minor,,
Thung Hua Chang,18.0030,99.0278,Thailand,TH,Lamphun,minor,,
Soem Ngam,18.0651,99.2454,Thailand,TH,Lampang,minor,,
Nakhon Thai,17.1006,100.8374,Thailand,TH,Phitsanulok,minor,,
Sukhirin,5.9389,101.7708,Thailand,TH,Narathiwat,minor,,
Na Yung,17.8975,102.1498,Thailand,TH,Udon Thani,minor,,
Dong Luang,16.8159,104.5380,Thailand,TH,Mukdahan,minor,,
Mae Poen,15.6579,99.4698,Thailand,TH,Nakhon Sawan,minor,,
Chiang Dao,19.3654,98.9645,Thailand,TH,Chiang Mai,minor,,
Phu Luang,17.1392,101.6639,Thailand,TH,Loei,minor,,
Hot,18.1932,98.6104,Thailand,TH,Chiang Mai,minor,,
Non Din Daeng,14.3135,102.7481,Thailand,TH,Buriram,minor,,
Ka Bang,6.4154,101.0546,Thailand,TH,Yala,minor,,
Phakdi Chumphon,15.9052,101.4223,Thailand,TH,Chaiyaphum,minor,,
Khon San,16.6129,101.9194,Thailand,TH,Chaiyaphum,minor,,
Thong Saen Khan,17.4706,100.3315,Thailand,TH,Uttaradit,minor,,
Song,18.4720,100.1835,Thailand,TH,Phrae,minor,,
Nong Bua Daeng,16.0798,101.8022,Thailand,TH,Chaiyaphum,minor,,
Wang Nam Khiao,14.4180,101.8611,Thailand,TH,Nakhon Ratchasima,minor,,
Ngao,18.7568,99.9781,Thailand,TH,Lampang,minor,,
Santi Suk,18.9137,100.9417,Thailand,TH,Nan,minor,,
Nopphitam,8.7221,99.7488,Thailand,TH,Nakhon Si Thammarat,minor,,
Na Duang,17.4782,101.9736,Thailand,TH,Loei,minor,,
Pong Nam Ron,12.9057,102.2622,Thailand,TH,Chanthaburi,minor,,
Wiang Haeng,19.5570,98.6425,Thailand,TH,Chiang Mai,minor,,
Khao Kho,16.6579,101.0221,Thailand,TH,Phetchabun,minor,,
Suan Phueng,13.5429,99.3396,Thailand,TH,Ratchaburi,minor,,
Nong Bua Rawe,15.7531,101.7640,Thailand,TH,Chaiyaphum,minor,,
Li,17.8027,98.9510,Thailand,TH,Lamphun,minor,,
Chae Hom,18.7127,99.5576,Thailand,TH,Lampang,minor,,
Tha Song Yang,17.2271,98.2257,Thailand,TH,Tak,minor,,
Nong Saeng,17.1674,102.7808,Thailand,TH,Udon Thani,minor,,
Phu Kradueng,16.8843,101.8847,Thailand,TH,Loei,minor,,
Doi Tao,17.9529,98.6846,Thailand,TH,Chiang Mai,minor,,
Sap Yai,15.6374,101.6167,Thailand,TH,Chaiyaphum,minor,,
Khao Khitchakut,12.8048,102.1151,Thailand,TH,Chanthaburi,minor,,
Tha Li,17.6236,101.4210,Thailand,TH,Loei,minor,,
Khura Buri,9.1940,98.4151,Thailand,TH,Phangnga,minor,,
Mueang Pan,18.7680,99.5025,Thailand,TH,Lampang,minor,,
Tha Chang,9.2642,99.1922,Thailand,TH,Surat Thani,minor,,
Wiphawadi,9.2389,98.9786,Thailand,TH,Surat Thani,minor,,
Mae Mo,18.2756,99.6504,Thailand,TH,Lampang,minor,,
Mae Ramat,16.9840,98.5166,Thailand,TH,Tak,minor,,
Chaloem Phra Kiat,15.0051,102.2703,Thailand,TH,Nakhon Ratchasima,minor,,
Wiang Sa,18.5986,100.7410,Thailand,TH,Nan,minor,,
Tha Takiap,13.4455,101.6113,Thailand,TH,Chachoengsao,minor,,
Kaeng Hang Maeo,13.0083,101.9061,Thailand,TH,Chanthaburi,minor,,
Phanom,8.8547,98.8127,Thailand,TH,Surat Thani,minor,,
Thung Chang,19.3879,100.8762,Thailand,TH,Nan,minor,,
Dan Sai,17.2801,101.1469,Thailand,TH,Loei,minor,,
Tha Pla,17.7911,100.3761,Thailand,TH,Uttaradit,minor,,
Than To,6.1674,101.1801,Thailand,TH,Yala,minor,,
Samoeng,18.8481,98.7324,Thailand,TH,Chiang Mai,minor,,
Chat Trakan,17.2761,100.6002,Thailand,TH,Phitsanulok,minor,,
Na Noi,18.3264,100.7142,Thailand,TH,Nan,minor,,
Phato,9.7909,98.7766,Thailand,TH,Chumphon,minor,,
Kapong,8.6970,98.4091,Thailand,TH,Phangnga,minor,,
Sop Moei,17.9621,97.9329,Thailand,TH,Mae Hong Son,minor,,
Ban Luang,18.8497,100.4372,Thailand,TH,Nan,minor,,
Mae Phrik,17.4469,99.1142,Thailand,TH,Lampang,minor,,
Ko Chang,12.1044,102.3524,Thailand,TH,Trat,minor,,
Pong,19.1493,100.2752,Thailand,TH,Phayao,minor,,
Chiang Muan,18.8897,100.3059,Thailand,TH,Phayao,minor,,
Chaem Luang,19.0319,98.2877,Thailand,TH,Chiang Mai,minor,,
Mae Chaem,18.4993,98.3649,Thailand,TH,Chiang Mai,minor,,
Ban Kha,13.4305,99.4097,Thailand,TH,Ratchaburi,minor,,
Mae La Noi,18.3975,97.9127,Thailand,TH,Mae Hong Son,minor,,
Nam Pat,17.7281,100.6843,Thailand,TH,Uttaradit,minor,,
Phu Ruea,17.4538,101.3623,Thailand,TH,Loei,minor,,
Om Koi,17.8012,98.3593,Thailand,TH,Chiang Mai,minor,,
Fak Tha,17.9995,100.8801,Thailand,TH,Uttaradit,minor,,
Ko Kut,11.6586,102.5420,Thailand,TH,Trat,minor,,
Song Khwae,19.3596,100.7004,Thailand,TH,Nan,minor,,
Na Muen,18.1893,100.6605,Thailand,TH,Nan,minor,,
Mae Sariang,18.1617,97.9354,Thailand,TH,Mae Hong Son,minor,,
Sai Yok,14.1190,99.1420,Thailand,TH,Kanchanaburi,minor,,
Bo Kluea,19.1503,101.1556,Thailand,TH,Nan,minor,,
Nam Nao,16.7675,101.6692,Thailand,TH,Phetchabun,minor,,
Ban Rai,15.0842,99.5211,Thailand,TH,Uthai Thani,minor,,
Sop Pong,19.5188,98.2604,Thailand,TH,Mae Hong Son,minor,,
Mae Charim,18.7061,101.0057,Thailand,TH,Nan,minor,,
Sam Ngao,17.2433,99.0226,Thailand,TH,Tak,minor,,
Ban Khok,18.0261,101.0677,Thailand,TH,Uttaradit,minor,,
Na Haeo,17.4854,101.0681,Thailand,TH,Loei,minor,,
Thong Pha Phum,14.7434,98.6310,Thailand,TH,Kanchanaburi,minor,,
Nong Ya Plong,13.1629,99.6972,Thailand,TH,Phetchaburi,minor,,
Khun Yuam,18.8296,97.9335,Thailand,TH,Mae Hong Son,minor,,
Ban Takhun,8.9036,98.8845,Thailand,TH,Surat Thani,minor,,
Sangkhla Buri,15.1555,98.4536,Thailand,TH,Kanchanaburi,minor,,
Kaeng Krachan,12.9074,99.6479,Thailand,TH,Phetchaburi,minor,,
Pai,19.3589,98.4394,Thailand,TH,Mae Hong Son,minor,,
Wiang Nuea,19.3797,98.4464,Thailand,TH,Mae Hong Son,minor,,
Mae Hi,19.3429,98.4502,Thailand,TH,Mae Hong Son,minor,,
Si Sawat,14.5992,99.1141,Thailand,TH,Kanchanaburi,minor,,
Umphang,16.0162,98.8627,Thailand,TH,Tak,minor,,
Wiang Kao,16.6825,102.2851,Thailand,TH,Khon Kaen,minor,,
